<?xml version="1.0" encoding="utf-8"?>
<!DOCTYPE html>

<odoo>
    <data noupdate="1">

        <!-- Sequences For student.grn (Student GRN) -->

<!--         <record id="sequence_grn" model="ir.sequence"> -->
<!--              <field name="name">GRN</field> -->
<!--              <field name="code">student.grn</field> -->
<!--              <field name="padding">4</field> -->
<!--              <field name="prefix"></field> -->
<!--              <field name="suffix"></field> -->
<!--              <field name="number_next">1</field> -->
<!--              <field name="number_increment">1</field> -->
<!--         </record> -->

        <!-- Sequences For student.code (Student Code) -->

        <record id="seq_student_code" model="ir.sequence">
            <field name="name">Student code</field>
            <field name="code">student.code</field>
            <field name="padding">3</field>
        </record>

        <!-- Sequences For student.registration (Registration Code) -->

        <record id="seq_student_reg" model="ir.sequence">
            <field name="name">Student registration code</field>
            <field name="code">student.registration</field>
            <field name="padding">3</field>
        </record>

        <!-- Sequences For student.student (Personal Identification Number) -->

        <record id="seq_student_student" model="ir.sequence">
            <field name="name">Student</field>
            <field name="code">student.student</field>
            <field name="prefix">%(year)s/%(month)s/</field>
            <field name="padding">3</field>
        </record>

        <!-- Sequences For student.document (Student Documents) -->

        <record id="seq_student_document" model="ir.sequence">
            <field name="name">Document</field>
            <field name="code">student.document</field>
            <field name="prefix">F</field>
            <field name="padding">3</field>
        </record>

        <!-- Sequences For document.type (Document Type) -->

        <record id="seq_student_sequence" model="ir.sequence">
            <field name="name">sequence</field>
            <field name="code">document.type</field>
            <field name="padding">1</field>
        </record>

    </data>
</odoo>
