<?xml version="1.0" encoding="UTF-8"?>
<odoo>
    <data>
        <record id="group_library_user" model="res.groups">
            <field name="name">User</field>
            <field name="category_id" ref="base.module_category_library"/>
            <field name="implied_ids" eval="[(6,0,[ref('base.group_user')])]"/>
        </record>

        <record id="group_library_manager" model="res.groups">
            <field name="name">Manager</field>
            <field name="category_id" ref="base.module_category_library"/>
            <field name="implied_ids" eval="[(6,0,[ref('group_library_user')])]"/>
        </record>
    </data>
    <data noupdate="1">
       <record id="group_library_user_record" model="ir.rule">
            <field name="name">Library: see only own books</field>
            <field name="model_id" ref="model_library_book"/>
            <field name="groups" eval="[(4, ref('base.group_user'))]"/>
            <field name="domain_force">[('create_uid', '=', user.id)]</field>
        </record>

        <record id="group_library_manager_record" model="ir.rule">
            <field name="name">Library: see all books</field>
            <field name="model_id" ref="model_library_book"/>
            <field name="groups" eval="[(4, ref('base.group_system'))]"/>
            <field name="domain_force">
                [(1, '=', 1)]
            </field>
        </record>
    </data>



</odoo>